id_tmdb,fold
5,1
6,0
11,4
12,2
13,4
14,7
15,4
16,2
18,9
19,9
20,8
22,4
24,8
25,8
27,4
28,6
33,6
35,4
38,3
55,8
58,6
59,9
62,8
63,8
65,0
66,3
68,6
69,8
70,8
71,8
73,4
74,6
75,4
76,7
77,5
78,6
79,5
80,4
81,6
82,8
83,1
85,1
87,1
88,8
89,0
90,2
93,4
95,2
96,5
97,2
98,0
99,6
100,3
101,8
103,9
104,4
105,8
106,7
107,7
111,3
114,5
115,8
116,2
117,1
118,7
120,7
121,9
122,4
123,1
128,8
129,3
134,2
137,1
138,5
140,0
141,2
142,3
143,9
144,6
145,0
146,9
149,2
150,8
152,3
153,6
154,2
155,7
157,1
161,9
162,9
163,0
164,2
165,8
167,6
168,8
169,5
170,3
172,9
173,6
174,9
176,7
177,2
178,7
179,9
180,7
182,0
183,6
184,3
185,3
186,2
187,7
189,5
192,3
193,4
194,4
196,5
197,6
198,1
199,9
200,5
201,8
203,8
205,3
207,4
213,9
214,5
215,1
217,7
218,7
219,7
221,5
223,1
226,2
227,8
229,6
231,6
232,2
234,7
235,1
236,4
237,9
238,7
239,9
240,6
241,6
242,6
243,5
244,1
245,6
246,9
249,5
251,7
252,7
253,5
254,2
255,7
257,1
261,3
262,1
266,9
268,7
272,9
274,7
275,5
277,6
278,9
279,2
280,2
281,4
284,9
285,3
287,5
288,9
289,4
290,0
293,9
296,8
297,0
298,0
300,1
301,2
302,2
303,7
306,8
307,0
308,2
310,6
311,2
314,4
315,1
318,6
319,1
320,1
322,9
326,2
327,1
329,0
330,5
331,9
332,6
334,1
335,6
338,0
339,5
340,3
345,4
346,5
348,5
350,9
364,2
377,0
378,9
379,0
380,3
381,3
387,0
388,7
389,7
391,2
392,7
393,5
395,7
396,9
398,1
400,9
401,7
402,6
403,5
404,8
406,9
408,3
409,6
411,5
414,9
415,6
421,0
423,9
424,1
425,3
426,4
429,5
430,1
431,7
433,9
435,6
436,3
440,9
441,2
445,1
451,4
452,4
453,0
454,8
455,6
462,9
466,5
467,2
468,6
470,4
473,0
475,6
476,6
479,1
482,2
483,2
488,5
489,0
490,9
492,4
496,3
497,1
500,0
503,2
504,3
506,1
507,8
508,9
509,8
510,6
512,8
521,7
522,0
524,6
525,9
526,2
527,1
530,5
533,9
534,8
535,7
539,6
540,5
541,4
544,6
546,3
547,9
548,4
549,8
550,3
551,5
553,4
557,9
558,9
559,8
561,6
562,5
563,2
564,1
565,0
567,8
568,1
571,3
573,0
574,6
576,0
577,8
578,4
579,1
580,0
581,6
582,4
583,2
584,5
585,8
586,5
587,0
588,7
590,3
591,0
592,8
594,4
595,5
596,6
597,9
598,2
599,1
600,4
601,0
602,2
603,9
604,0
605,6
606,9
607,2
608,2
609,8
612,0
613,2
615,5
616,2
617,0
618,6
619,7
620,2
621,7
622,2
623,9
624,4
625,1
627,1
628,4
629,0
630,4
634,6
635,6
636,2
637,9
638,6
639,8
640,5
641,2
642,8
644,1
646,7
650,0
651,7
652,7
654,1
655,3
657,8
658,6
659,6
660,6
663,3
664,7
665,1
666,7
667,9
668,0
670,9
671,7
672,4
673,3
674,2
675,4
676,5
679,8
680,7
681,4
682,7
686,6
687,1
688,0
691,9
692,7
693,8
694,4
695,5
696,8
698,5
699,9
700,5
702,4
703,8
704,8
705,7
707,0
708,0
709,9
710,7
711,8
712,4
713,3
714,5
744,5
745,7
746,7
747,3
752,4
754,1
755,2
756,5
759,8
762,2
763,0
764,8
765,7
766,3
767,6
768,4
769,3
770,6
771,4
772,1
773,1
776,3
782,3
783,7
786,4
787,5
788,5
790,3
791,0
792,2
793,4
794,4
795,4
796,5
801,0
802,7
804,8
805,2
806,0
807,3
808,7
809,9
810,8
812,3
813,1
814,4
816,3
817,2
818,8
819,8
820,3
821,7
824,8
825,9
826,9
828,7
829,1
830,3
834,4
837,3
838,7
840,7
841,4
843,9
844,7
845,7
846,0
847,1
848,4
849,3
850,9
853,4
854,5
855,7
856,6
857,8
858,2
859,1
860,1
861,0
862,6
863,6
864,1
865,5
866,5
867,6
868,5
869,9
871,3
872,9
873,5
874,1
877,8
879,5
881,3
884,6
887,8
888,6
889,9
891,9
892,9
898,7
901,4
902,3
903,7
907,9
909,9
910,1
912,4
913,6
914,5
916,2
918,5
920,4
921,1
922,8
923,2
924,1
925,0
926,3
927,9
928,9
929,1
934,3
935,5
938,7
941,2
942,9
943,6
944,8
947,5
948,4
949,2
950,6
951,2
953,3
954,8
955,3
956,9
957,9
961,5
962,8
963,7
966,6
967,9
968,1
975,3
976,5
978,0
979,1
982,3
983,8
984,4
985,5
988,8
990,8
993,8
994,3
995,4
996,8
1018,4
1024,1
1049,3
1051,0
1073,0
1088,9
1089,8
1090,6
1091,7
1103,2
1116,1
1124,8
1125,7
1162,6
1164,7
1165,5
1213,3
1245,2
1246,6
1247,7
1248,8
1250,0
1251,1
1252,8
1255,2
1259,4
1262,6
1265,5
1266,8
1267,8
1268,6
1271,5
1272,8
1273,6
1278,3
1281,2
1359,3
1360,8
1365,8
1366,1
1367,6
1368,9
1369,3
1370,3
1371,5
1372,8
1374,2
1375,7
1378,4
1381,8
1389,7
1391,0
1394,6
1396,5
1402,2
1406,2
1407,0
1408,4
1412,6
1417,8
1422,3
1427,4
1428,7
1429,4
1433,8
1439,0
1440,6
1441,0
1443,9
1450,8
1452,9
1480,5
1487,7
1491,8
1492,3
1493,0
1494,3
1495,7
1497,8
1498,9
1499,1
1523,4
1534,0
1535,2
1537,5
1538,8
1541,7
1542,3
1544,6
1547,9
1548,0
1551,6
1552,8
1553,8
1555,5
1562,8
1571,5
1572,7
1573,5
1574,6
1576,9
1577,7
1578,9
1579,4
1580,0
1581,4
1584,2
1585,4
1586,7
1587,2
1588,0
1592,5
1593,8
1597,2
1598,2
1599,1
1607,5
1613,5
1619,1
1620,8
1621,2
1623,2
1624,7
1626,0
1630,0
1632,7
1633,8
1634,7
1635,9
1636,2
1637,8
1640,4
1641,6
1642,2
1643,6
1645,3
1646,7
1647,4
1648,7
1649,3
1654,8
1656,2
1665,9
1669,7
1675,5
1677,2
1678,4
1683,1
1685,1
1687,9
1688,3
1689,0
1690,8
1691,6
1694,4
1696,3
1700,6
1701,7
1705,7
1710,1
1712,0
1713,6
1714,0
1715,3
1717,5
1722,1
1724,6
1725,9
1726,4
1727,1
1729,3
1730,9
1734,8
1735,6
1738,6
1770,7
1771,0
1786,3
1788,6
1791,8
1792,5
1807,0
1808,1
1809,2
1813,7
1817,9
1819,0
1824,9
1825,5
1826,5
1830,4
1832,3
1833,2
1844,8
1847,5
1850,7
1852,0
1857,7
1858,6
1859,1
1865,3
1878,4
1879,0
1880,8
1883,3
1885,0
1887,1
1891,3
1892,3
1893,6
1894,0
1895,0
1900,4
1902,7
1903,9
1904,1
1907,7
1908,9
1909,6
1911,9
1913,6
1921,7
1923,8
1924,1
1927,6
1930,4
1931,9
1933,1
1934,1
1936,8
1939,7
1945,4
1946,7
1947,7
1948,6
1949,1
1951,6
1954,4
1955,7
1956,6
1957,2
1958,4
1961,2
1965,6
1966,4
1968,0
1969,5
1970,7
1975,8
1977,0
1978,3
1979,8
1985,6
1988,3
1989,4
1990,3
1991,3
1992,0
1995,5
1996,2
1997,6
1999,9
2000,2
2001,7
2005,6
2007,1
2009,9
2013,8
2014,7
2015,5
2016,2
2018,0
2019,3
2020,1
2022,5
2023,0
2024,5
2026,7
2028,6
2034,0
2039,6
2043,2
2044,6
2046,2
2048,9
2054,4
2055,8
2056,3
2057,1
2059,9
2062,2
2064,5
2067,2
2069,2
2071,0
2080,4
2082,0
2084,8
2085,4
2086,7
2088,8
2099,4
2100,4
2103,2
2105,9
2108,8
2109,4
2110,3
2112,6
2114,6
2116,0
2118,8
2119,8
2122,8
2123,9
2124,2
2133,1
2134,4
2135,9
2140,2
2142,6
2144,8
2148,0
2149,1
2153,1
2155,6
2157,4
2161,9
2163,3
2164,0
2171,7
2176,2
2179,7
2185,4
2196,3
2207,7
2210,3
2212,9
2246,9
2251,1
2252,1
2253,1
2255,2
2259,1
2266,0
2268,8
2269,8
2270,3
2274,7
2275,6
2277,6
2280,0
2284,1
2288,5
2289,5
2290,9
2291,8
2292,4
2293,2
2294,8
2295,1
2300,4
2309,9
2310,3
2312,5
2313,0
2320,1
2321,0
2322,9
2323,4
2330,8
2332,8
2334,7
2335,0
2355,3
2360,4
2362,9
2370,2
2383,2
2395,1
2428,7
2453,2
2454,4
2486,7
2493,2
2501,5
2502,7
2503,9
2539,0
2565,9
2567,9
2575,5
2604,7
2605,0
2609,7
2614,3
2616,4
2617,6
2619,8
2621,0
2623,0
2636,7
2637,6
2639,7
2640,0
2642,1
2649,9
2652,2
2654,0
2655,9
2657,0
2661,4
2662,3
2665,1
2666,8
2667,9
2668,9
2669,3
2671,3
2675,4
2687,2
2690,8
2698,0
2728,5
2742,7
2749,0
2752,2
2755,8
2756,4
2757,6
2758,0
2759,1
2760,0
2768,4
2769,8
2770,2
2771,2
2779,6
2787,5
2788,3
2789,8
2800,4
2832,2
2897,5
2898,7
2899,6
2900,9
2907,4
2924,8
2925,5
2926,7
2928,3
2959,3
2976,1
2977,8
2978,7
2990,2
2998,8
3001,7
3009,5
3019,0
3021,4
3033,1
3034,3
3035,6
3036,7
3040,3
3049,1
3050,2
3055,5
3059,2
3064,9
3073,5
3078,6
3079,5
3080,9
3082,8
3083,9
3088,2
3089,5
3090,7
3093,6
3109,7
3110,0
3111,3
3116,5
3121,3
3131,6
3132,4
3170,6
3172,4
3175,4
3176,8
3177,9
3179,1
3291,0
3309,1
3432,2
3482,5
3489,5
3509,0
3512,6
3525,4
3526,9
3529,2
3536,8
3537,8
3558,1
3563,3
3573,7
3580,3
3586,7
3594,4
3595,5
3597,2
3600,9
3604,6
3635,9
3638,3
3682,0
3683,5
3766,6
3767,5
3784,3
3877,4
3902,3
3933,3
3980,2
3981,3
3989,6
4011,4
4012,0
4032,8
4043,2
4105,1
4108,5
4133,9
4141,5
4147,7
4148,6
4169,4
4174,6
4176,1
4192,1
4193,7
4203,0
4232,4
4233,7
4234,3
4244,6
4247,1
4248,1
4251,9
4256,2
4257,3
4258,5
4327,7
4347,2
4348,3
4349,7
4351,8
4379,3
4380,6
4413,5
4415,7
4421,4
4435,4
4437,0
4442,6
4464,9
4476,3
4477,9
4478,2
4484,9
4488,4
4512,0
4513,0
4515,9
4517,7
4518,4
4523,5
4538,1
4543,9
4547,4
4551,3
4552,3
4553,8
4564,0
4566,4
4584,5
4587,2
4588,8
4593,9
4597,4
4599,2
4614,7
4638,0
4643,6
4688,5
4689,4
4722,6
4723,2
4771,5
4780,1
4787,7
4806,9
4808,9
4816,0
4823,2
4824,6
4825,8
4836,0
4858,1
4911,7
4912,6
4917,4
4922,6
4923,6
4929,1
4935,3
4942,9
4944,7
4951,8
4953,8
4954,6
4958,0
4959,3
4960,4
4961,3
4964,1
4965,2
4967,2
4970,9
4978,0
4982,3
4985,8
4995,1
4997,6
5038,9
5121,3
5123,9
5125,9
5126,0
5137,1
5139,5
5143,5
5156,5
5172,7
5174,0
5175,5
5176,8
5203,9
5236,6
5255,2
5279,7
5289,1
5336,6
5353,3
5375,2
5393,3
5491,8
5503,6
5516,4
5528,7
5548,8
5549,7
5550,9
5551,6
5559,1
5653,5
5680,7
5683,0
5689,8
5693,6
5708,2
5718,4
5721,4
5722,9
5723,8
5725,4
5780,9
5820,2
5825,1
5851,4
5852,4
5854,4
5876,9
5902,6
5915,5
5916,2
5919,8
5923,4
5924,8
5925,1
5955,7
5961,1
5966,2
5967,5
5968,0
5994,2
6020,4
6023,9
6038,9
6068,3
6069,7
6071,7
6072,0
6073,7
6075,3
6081,1
6106,4
6114,1
6116,8
6145,9
6171,4
6217,4
6278,0
6279,4
6280,4
6282,9
6283,8
6312,2
6341,6
6346,6
6396,6
6415,2
6435,1
6439,8
6440,1
6466,6
6471,2
6472,1
6477,7
6479,9
6488,9
6499,4
6519,2
6520,7
6522,7
6537,2
6538,1
6552,9
6557,2
6575,3
6589,2
6593,7
6615,9
6620,5
6623,7
6637,4
6639,6
6641,0
6644,1
6687,6
6691,9
6723,9
6795,5
6844,3
6877,8
6878,6
6917,2
6933,3
6935,1
6936,0
6947,8
6949,1
6950,3
6951,3
6957,8
6961,8
6963,1
6964,7
6968,5
6972,7
6973,1
6977,1
6978,5
7007,7
7010,6
7090,2
7091,2
7095,7
7131,8
7183,2
7191,3
7211,6
7214,3
7219,0
7220,8
7227,2
7229,4
7233,2
7270,8
7278,0
7288,0
7299,0
7303,1
7304,8
7305,1
7326,1
7340,0
7341,4
7345,6
7347,0
7350,7
7364,5
7442,0
7443,0
7445,9
7446,2
7450,3
7451,4
7452,1
7453,7
7457,2
7459,3
7461,6
7484,4
7485,6
7501,1
7508,9
7511,8
7512,4
7516,0
7518,9
7520,6
7548,7
7551,6
7552,2
7553,1
7555,6
7735,6
7737,3
7797,3
7840,5
7859,4
7862,1
7863,7
7873,0
7874,3
7913,9
7942,2
7972,8
7978,0
7979,4
7980,9
7984,9
7985,5
8005,6
8007,7
8009,7
8010,7
8011,3
8012,2
8043,5
8051,5
8052,2
8053,7
8054,0
8055,3
8065,7
8066,6
8067,6
8068,0
8069,5
8072,0
8073,4
8077,5
8078,0
8079,6
8080,2
8088,1
8090,9
8094,0
8095,5
8130,8
8193,0
8195,7
8197,3
8198,2
8202,6
8204,3
8224,3
8247,6
8265,0
8270,6
8271,8
8273,2
8277,8
8279,7
8291,5
8292,3
8293,1
8321,3
8326,7
8327,8
8328,0
8329,8
8337,0
8338,4
8342,5
8346,9
8348,2
8355,0
8356,9
8358,2
8363,7
8367,8
8373,4
8374,7
8386,7
8388,4
8392,9
8393,2
8398,5
8408,1
8409,4
8413,4
8416,0
8427,7
8438,9
8440,0
8452,4
8453,0
8456,2
8457,3
8461,3
8467,1
8469,6
8470,1
8487,6
8488,0
8489,9
8491,2
8494,9
8512,0
8536,4
8584,9
8587,3
8592,5
8617,1
8619,0
8643,3
8645,3
8649,2
8653,6
8656,4
8665,7
8669,4
8675,4
8676,6
8681,7
8688,4
8689,6
8696,0
8698,6
8699,2
8738,7
8741,6
8764,8
8766,6
8769,4
8780,7
8810,1
8814,5
8818,6
8827,3
8831,5
8832,9
8834,0
8835,3
8836,0
8838,1
8839,3
8840,2
8843,5
8844,2
8845,7
8848,9
8849,8
8850,8
8851,5
8852,6
8854,7
8856,5
8859,2
8860,6
8869,8
8870,2
8871,9
8872,8
8873,8
8874,2
8875,3
8879,7
8880,8
8885,6
8909,0
8913,8
8914,3
8915,9
8916,1
8920,2
8922,3
8942,9
8944,6
8952,4
8953,6
8960,3
8961,8
8963,6
8966,0
8967,4
8968,6
8974,9
8975,6
8976,7
8978,4
8982,9
8984,6
8987,8
8988,2
8989,8
8998,2
8999,2
9003,6
9007,2
9008,4
9009,6
9012,3
9013,1
9016,9
9021,9
9022,7
9023,1
9024,9
9026,6
9029,2
9030,6
9032,1
9035,3
9036,5
9037,0
9038,1
9039,7
9040,6
9042,7
9043,9
9044,9
9051,0
9053,9
9056,2
9059,7
9062,2
9064,4
9066,5
9067,1
9070,9
9072,5
9073,5
9074,8
9075,8
9078,5
9079,9
9080,7
9081,6
9085,9
9086,8
9087,6
9091,2
9093,9
9095,1
9096,6
9099,9
9100,9
9102,0
9103,9
9104,5
9208,5
9255,9
9257,5
9261,6
9262,9
9263,7
9264,3
9266,4
9267,5
9268,6
9270,4
9271,7
9272,5
9273,2
9275,6
9276,3
9277,8
9278,7
9279,2
9280,4
9281,6
9283,2
9285,8
9286,3
9289,0
9290,5
9291,3
9292,5
9293,9
9294,2
9296,0
9297,3
9298,7
9300,8
9303,8
9304,6
9306,9
9310,7
9312,3
9313,3
9314,0
9315,6
9316,9
9319,3
9320,3
9322,3
9323,6
9325,1
9326,3
9327,8
9331,0
9333,0
9334,7
9335,1
9336,5
9339,7
9340,9
9341,0
9342,3
9344,1
9346,6
9348,5
9349,3
9350,4
9352,0
9353,0
9354,2
9355,3
9356,5
9357,8
9358,7
9359,5
9360,2
9361,5
9362,7
9366,9
9367,3
9373,3
9374,1
9377,8
9378,1
9381,1
9382,3
9383,2
9384,6
9386,8
9387,2
9388,1
9390,2
9392,4
9393,8
9395,3
9396,8
9397,4
9398,1
9399,9
9400,8
9403,5
9404,3
9405,2
9406,9
9407,2
9408,0
9410,6
9411,0
9413,1
9414,0
9415,3
9416,1
9421,0
9422,2
9423,0
9424,4
9425,1
9426,2
9427,3
9428,7
9429,8
9430,3
9431,9
9433,9
9434,0
9437,8
9440,9
9441,2
9442,5
9443,8
9444,0
9445,8
9446,9
9447,4
9448,2
9449,2
9451,8
9452,5
9453,4
9454,1
9455,2
9457,1
9461,3
9462,0
9464,3
9466,2
9469,9
9470,3
9471,1
9472,5
9473,4
9475,7
9476,0
9477,4
9479,7
9480,4
9481,3
9482,1
9486,2
9487,4
9488,0
9489,0
9490,7
9493,3
9494,4
9495,9
9502,5
9504,2
9506,0
9509,4
9513,7
9515,2
9516,0
9522,8
9526,3
9529,8
9530,0
9531,0
9532,3
9533,3
9534,5
9535,6
9538,7
9539,5
9540,6
9541,5
9542,8
9543,6
9549,8
9550,5
9552,4
9555,7
9556,1
9557,4
9559,1
9560,2
9562,6
9563,9
9564,9
9566,5
9567,7
9569,1
9570,0
9571,6
9573,4
9574,4
9576,9
9582,5
9584,1
9586,0
9587,8
9591,6
9592,0
9593,4
9594,8
9595,1
9598,7
9599,0
9600,8
9602,2
9603,9
9604,0
9605,9
9606,0
9607,5
9610,8
9611,8
9612,5
9613,1
9614,0
9615,1
9616,8
9618,0
9619,7
9620,0
9621,6
9622,8
9623,2
9624,1
9625,2
9626,9
9631,9
9637,0
9638,2
9641,6
9645,8
9647,2
9651,2
9654,3
9655,3
9656,8
9659,1
9662,4
9663,2
9664,8
9665,2
9666,0
9667,8
9669,9
9671,2
9674,4
9675,0
9676,9
9678,4
9679,3
9681,6
9682,2
9684,2
9685,3
9686,5
9687,1
9688,4
9689,2
9691,8
9692,4
9693,4
9694,3
9696,2
9697,2
9701,3
9702,4
9703,7
9705,0
9706,5
9707,9
9708,3
9713,2
9714,8
9715,6
9716,3
9718,2
9722,6
9725,9
9726,5
9728,8
9729,7
9730,4
9731,6
9737,1
9738,0
9739,4
9740,8
9741,8
9745,4
9746,8
9749,6
9754,6
9757,2
9759,1
9760,3
9762,8
9763,9
9766,9
9767,3
9768,6
9769,4
9770,3
9772,5
9776,1
9777,0
9778,8
9779,5
9781,3
9785,9
9787,7
9788,6
9789,8
9791,6
9792,6
9793,5
9794,6
9796,4
9798,2
9799,2
9800,8
9801,5
9802,6
9804,0
9805,5
9806,4
9809,8
9815,8
9816,6
9819,8
9820,0
9823,7
9824,4
9825,9
9826,4
9827,4
9828,9
9829,1
9833,0
9836,8
9837,1
9838,5
9842,1
9846,0
9849,4
9869,9
9870,9
9872,1
9873,5
9874,5
9877,8
9879,1
9880,8
9882,8
9884,9
9885,8
9886,4
9889,1
9890,2
9893,4
9894,0
9895,0
9896,8
9899,6
9900,0
9902,6
9903,2
9904,4
9905,7
9906,2
9907,8
9909,8
9910,9
9912,3
9913,5
9919,5
9920,1
9922,2
9923,9
9928,2
9932,0
9942,0
9944,5
9945,3
9946,3
9947,1
9950,2
9952,4
9954,8
9955,9
9957,6
9959,4
9962,9
9963,7
9966,7
9968,4
9969,5
9972,2
9975,3
9978,5
9980,2
9981,2
9982,2
9986,3
9988,6
9989,2
9991,9
9992,9
9994,9
9997,5
10003,2
10007,4
10008,1
10009,9
10012,4
10013,1
10014,1
10015,8
10016,3
10017,9
10019,9
10020,1
10021,9
10022,3
10023,3
10024,3
10025,7
10027,6
10028,8
10029,2
10030,3
10045,8
10047,4
10048,9
10052,9
10053,0
10054,7
10057,5
10060,3
10061,3
10064,4
10065,1
10066,8
10067,9
10068,2
10069,1
10070,8
10072,1
10074,8
10075,1
10077,3
10083,4
10086,5
10092,4
10093,1
10096,7
10098,6
10110,7
10112,3
10118,4
10122,4
10126,0
10127,4
10128,4
10131,2
10133,8
10134,1
10135,3
10136,8
10137,6
10138,8
10139,9
10140,1
10141,3
10142,0
10144,5
10145,8
10147,4
10149,0
10153,0
10154,7
10155,2
10156,1
10157,5
10158,1
10159,5
10160,2
10161,3
10162,2
10163,6
10166,7
10167,0
10169,7
10170,6
10173,1
10178,8
10183,0
10184,9
10185,5
10186,7
10188,2
10189,9
10191,3
10192,5
10193,8
10195,5
10196,3
10197,7
10198,1
10199,8
10200,2
10201,1
10202,8
10204,2
10206,1
10207,0
10208,0
10210,5
10212,4
10213,4
10214,2
10215,9
10216,7
10217,3
10218,6
10220,9
10222,9
10223,5
10225,7
10226,1
10228,4
10229,4
10236,6
10246,4
10249,4
10264,9
10276,8
10279,0
10280,4
10281,9
10283,8
10288,8
10294,1
10303,8
10306,9
10307,7
10312,1
10313,9
10314,6
10315,2
10316,9
10317,4
10320,4
10323,7
10326,0
10327,6
10328,5
10329,9
10330,1
10331,4
10336,6
10337,2
10339,9
10340,5
10342,7
10344,9
10345,1
10349,3
10351,6
10353,1
10354,7
10357,6
10358,5
10362,3
10364,8
10366,3
10375,5
10376,6
10377,9
10379,6
10384,6
10386,7
10388,8
10389,6
10390,0
10393,2
10395,6
10396,6
10397,3
10398,0
10400,8
10402,2
10403,9
10404,8
10406,4
10407,3
10409,0
10411,4
10412,0
10413,3
10414,3
10423,3
10424,1
10425,3
10426,4
10427,7
10428,7
10431,2
10433,4
10435,4
10436,4
10437,8
10438,6
10439,0
10440,2
10442,7
10443,3
10447,4
10461,5
10464,1
10466,0
10468,8
10471,5
10474,8
10476,5
10477,0
10478,0
10479,4
10480,4
10481,4
10483,6
10488,3
10489,1
10490,4
10493,0
10494,3
10495,6
10497,0
10501,1
10502,9
10514,2
10515,1
10518,4
10521,4
10523,5
10527,5
10528,4
10529,0
10530,7
10531,5
10533,5
10534,0
10535,4
10537,6
10538,4
10539,4
10540,9
10545,7
10546,3
10547,8
10549,1
10552,9
10555,7
10559,5
10560,9
10562,8
10564,3
10567,3
10569,4
10571,9
10576,9
10577,3
10585,6
10586,8
10587,1
10588,9
10589,3
10590,6
10591,3
10592,9
10596,3
10599,5
10601,2
10603,0
10604,9
10606,8
10607,6
10610,2
10611,8
10622,1
10623,5
10625,4
10628,5
10629,6
10632,2
10633,5
10634,9
10637,9
10640,7
10641,3
10644,7
10646,2
10647,8
10649,0
10650,6
10651,6
10653,8
10654,8
10655,2
10658,1
10660,8
10661,6
10663,4
10664,8
10665,0
10669,9
10671,7
10673,2
10674,1
10675,6
10676,1
10677,1
10678,7
10679,2
10681,4
10683,5
10684,5
10687,5
10691,3
10692,3
10693,4
10694,9
10705,8
10707,4
10708,6
10710,1
10711,1
10712,0
10714,3
10715,6
10718,4
10719,2
10720,7
10723,8
10724,4
10729,7
10730,8
10731,2
10733,8
10734,1
10735,7
10739,6
10740,3
10743,3
10744,2
10747,5
10748,7
10750,8
10753,9
10756,7
10758,2
10760,0
10761,6
10762,5
10763,3
10764,4
10765,5
10766,3
10768,2
10771,2
10774,5
10775,0
10776,6
10778,8
10779,9
10780,6
10781,4
10782,3
10784,0
10787,8
10794,0
10796,2
10799,2
10800,1
10802,3
10803,4
10804,9
10805,2
10806,9
10808,2
10823,6
10830,9
10833,2
10837,0
10839,2
10843,7
10846,6
10849,9
10851,9
10858,8
10859,1
10860,2
10861,7
10862,5
10865,2
10866,6
10872,2
10873,2
10874,7
10875,2
10876,8
10877,0
10878,8
10881,0
10882,7
10886,9
10890,7
10894,5
10895,1
10900,8
10906,5
10907,1
10909,2
10911,7
10922,8
10923,9
10925,5
10929,0
10934,5
10935,1
10937,6
10944,9
10945,5
10947,2
10948,5
10950,3
10952,7
10956,3
10957,9
10970,4
10972,5
10974,6
10975,3
10982,2
10984,3
10985,9
10987,4
10991,9
10992,2
10994,0
10996,1
10997,7
10998,9
10999,4
11000,1
11001,6
11003,6
11004,2
11005,6
11006,0
11007,4
11009,6
11010,4
11011,4
11012,9
11013,0
11015,0
11017,9
11018,5
11022,8
11023,8
11024,1
11025,2
11026,7
11027,2
11030,0
11031,2
11033,0
11034,1
11036,6
11037,9
11040,2
11042,7
11044,9
11045,1
11046,1
11049,6
11050,8
11051,2
11052,4
11054,5
11056,4
11058,1
11060,5
11064,9
11066,5
11067,5
11072,7
11075,1
11076,0
11077,8
11081,9
11085,2
11086,8
11087,2
11088,6
11090,8
11091,2
11092,5
11093,1
11096,6
11109,8
11113,5
11120,6
11121,7
11123,8
11128,2
11129,6
11130,1
11132,6
11133,6
11134,9
11135,2
11141,0
11152,6
11153,3
11157,0
11158,7
11159,2
11162,2
11165,7
11167,3
11169,0
11170,2
11171,3
11172,7
11176,3
11177,5
11184,7
11185,0
11186,0
11187,1
11191,5
11199,8
11202,5
11206,2
11208,7
11209,3
11212,1
11215,6
11216,5
11217,3
11219,5
11224,6
11227,9
11228,1
11229,5
11231,6
11232,5
11235,2
11236,4
11237,7
11247,6
11249,8
11252,4
11253,4
11257,8
11258,3
11259,1
11260,8
11281,0
11282,2
11283,8
11284,0
11285,5
11286,7
11287,1
11293,4
11296,2
11298,7
11302,5
11305,2
11306,3
11307,2
11309,3
11310,6
11313,4
11319,6
11321,8
11322,3
11323,5
11324,3
11326,7
11327,5
11329,3
11335,6
11336,3
11337,2
11338,5
11342,9
11348,9
11349,4
11351,3
11352,1
11353,2
11355,8
11356,1
11357,0
11358,3
11359,9
11360,2
11361,1
11362,2
11364,0
11368,2
11371,2
11374,3
11375,8
11377,3
11379,5
11381,1
11382,5
11384,4
11386,8
11393,3
11395,5
11397,2
11398,9
11400,8
11411,3
11412,0
11415,6
11416,0
11418,5
11419,4
11422,0
11423,8
11426,2
11427,2
11428,4
11431,5
11439,3
11446,0
11448,8
11449,6
11450,2
11451,8
11452,8
11453,8
11454,6
11456,1
11459,0
11460,9
11462,4
11465,8
11467,4
11468,9
11469,7
11470,9
11472,1
11474,9
11478,6
11481,3
11484,0
11485,7
11495,1
11497,2
11499,6
11503,7
11507,1
11509,4
11515,6
11517,4
11518,7
11519,6
11520,6
11521,3
11522,1
11523,6
11524,2
11527,4
11528,8
11529,4
11533,8
11536,7
11541,2
11542,8
11543,0
11544,3
11545,3
11547,7
11548,1
11549,0
11551,4
11558,9
11559,3
11560,9
11561,9
11562,2
11565,3
11566,3
11568,9
11569,5
11571,8
11575,2
11576,9
11577,6
11584,1
11587,8
11589,4
11590,4
11592,9
11593,2
11595,2
11596,7
11597,6
11601,3
11607,6
11615,5
11618,5
11619,1
11620,1
11621,7
11622,9
11624,8
11631,9
11632,1
11633,2
11635,0
11636,0
11637,3
11638,2
11639,3
11644,1
11645,9
11646,6
11647,9
11648,2
11649,6
11652,4
11653,4
11654,4
11660,9
11661,1
11663,9
11665,9
11667,1
11674,0
11675,4
11676,2
11678,5
11679,9
11683,9
11686,7
11687,2
11688,1
11690,5
11697,9
11699,8
11702,5
11703,8
11704,9
11708,9
11713,2
11770,1
11773,3
11774,5
11775,1
11777,4
11778,6
11780,5
11797,3
11798,2
11802,4
11804,2
11808,3
11811,8
11812,7
11814,3
11815,2
11816,1
11817,8
11820,8
11821,3
11823,8
11824,2
11825,8
11827,3
11831,0
11835,9
11836,4
11837,0
11838,9
11843,4
11846,9
11847,0
11850,9
11852,2
11854,9
11856,0
11857,1
11858,5
11859,5
11860,5
11864,0
11866,1
11868,8
11870,9
11873,2
11879,9
11880,5
11881,0
11884,4
11886,7
11887,7
11888,8
11890,3
11891,4
11892,9
11893,3
11895,9
11896,4
11897,4
11899,0
11901,4
11904,5
11905,4
11908,2
11916,8
11917,8
11918,6
11929,4
11932,2
11933,9
11934,7
11935,8
11937,3
11942,0
11943,0
11950,7
11951,5
11953,2
11954,9
11959,9
11962,1
11963,4
11966,6
11967,7
11968,0
11969,5
11970,3
11971,6
11973,9
11974,8
11975,4
11976,9
11977,3
11978,4
11979,4
11980,6
11982,3
12088,0
12090,6
12092,3
12093,9
12096,2
12100,7
12102,6
12103,1
12104,2
12105,8
12106,4
12107,5
12110,6
12113,3
12117,0
12118,3
12120,5
12121,5
12122,1
12123,7
12133,5
12138,0
12139,1
12143,0
12144,1
12145,2
12146,2
12149,9
12150,3
12151,8
12153,9
12154,2
12155,5
12157,2
12158,0
12159,5
12160,6
12162,2
12163,7
12165,2
12169,3
12177,4
12180,6
12182,5
12184,6
12185,6
12193,9
12201,3
12205,1
12207,6
12208,0
12211,9
12212,4
12219,9
12220,7
12222,4
12223,6
12227,9
12230,5
12233,0
12244,3
12246,2
12253,5
12259,4
12262,7
12268,5
12277,5
12279,4
12281,3
12289,3
12309,8
12311,6
12335,4
12403,9
12405,0
12412,0
12429,2
12435,9
12437,3
12444,0
12445,3
12473,3
12476,1
12477,3
12496,5
12498,4
12500,0
12502,2
12508,0
12509,1
12516,4
12521,7
12526,7
12535,8
12542,0
12545,9
12556,2
12560,1
12569,9
12572,7
12573,0
12589,6
12590,6
12593,4
12596,7
12599,8
12609,1
12610,3
12611,5
12614,7
12618,0
12620,2
12626,5
12634,2
12637,3
12657,0
12658,9
12662,2
12665,4
12690,0
12700,4
12707,6
12762,4
12763,7
12767,7
12771,1
12775,3
12779,7
12780,4
12783,0
12797,8
12819,7
12834,9
12837,9
12888,5
12919,7
13001,5
13006,9
13018,2
13022,5
13025,4
13027,5
13051,7
13053,3
13056,2
13059,2
13067,1
13090,9
13092,6
13121,7
13122,0
13150,7
13154,1
13155,7
13159,5
13161,5
13183,3
13184,8
13192,1
13193,5
13195,2
13199,9
13207,9
13223,9
13225,6
13243,3
13249,3
13252,8
13256,1
13257,7
13258,8
13260,7
13275,1
13279,1
13282,0
13291,8
13310,3
13312,2
13321,0
13335,7
13342,1
13373,5
13374,7
13387,0
13389,0
13403,9
13416,4
13435,0
13448,0
13455,7
13460,1
13466,4
13474,4
13475,0
13476,7
13477,2
13483,8
13493,0
13497,4
13498,6
13499,7
13509,2
13510,8
13515,0
13523,4
13531,4
13532,7
13536,3
13537,8
13550,5
13562,2
13567,8
13572,8
13579,0
13595,9
13596,1
13597,5
13600,9
13635,6
13637,8
13665,2
13668,3
13669,8
13672,6
13680,0
13682,9
13685,6
13688,3
13691,7
13698,7
13700,0
13703,8
13751,0
13763,1
13765,7
13767,5
13768,9
13776,5
13788,5
13803,7
13804,2
13809,9
13811,4
13812,7
13813,4
13820,3
13825,2
13836,1
13885,2
13888,0
13909,4
13920,5
13922,3
13927,3
13937,1
13939,5
13944,0
13960,3
13962,3
13967,4
13971,2
13972,9
13973,7
13986,9
13996,0
13997,5
14001,9
14011,3
14013,2
14022,4
14024,7
14030,0
14034,0
14043,1
14047,7
14070,8
14073,1
14098,5
14113,9
14114,5
14123,7
14125,6
14138,0
14139,5
14148,9
14160,6
14161,5
14163,1
14164,5
14165,3
14175,6
14177,3
14181,6
14191,5
14194,8
14199,1
14202,1
14223,7
14239,4
14240,3
14248,2
14282,7
14283,9
14289,5
14291,2
14292,5
14299,8
14306,9
14310,1
14324,3
14325,0
14326,4
14337,2
14347,1
14353,3
14359,0
14362,8
14365,4
14367,8
14370,8
14372,7
14373,6
14375,7
14400,1
14405,7
14411,1
14412,7
14424,5
14425,7
14429,9
14433,5
14435,2
14438,1
14442,5
14444,7
14451,6
14462,3
14506,3
14510,5
14517,0
14534,8
14536,2
14553,6
14554,7
14560,3
14564,3
14574,2
14588,9
14621,9
14623,6
14628,5
14635,5
14636,4
14637,2
14675,7
14684,5
14695,5
14736,4
14746,3
14756,2
14784,0
14794,2
14799,5
14805,9
14811,4
14813,9
14817,1
14819,1
14836,0
14844,2
14846,6
14854,9
14869,6
14873,3
14886,9
14900,3
14919,1
14924,5
14926,2
15019,1
15028,0
15035,9
15037,6
15070,1
15092,3
15121,6
15137,1
15139,7
15144,2
15152,3
15158,0
15159,6
15189,4
15196,8
15213,6
15239,9
15255,7
15301,8
15357,7
15362,7
15371,3
15373,7
15379,1
15384,9
15393,5
15413,8
15417,5
15472,5
15487,7
15512,1
15566,7
15577,5
15588,2
15596,2
15600,5
15602,5
15613,1
15616,2
15655,9
15670,5
15723,6
15739,5
15762,5
15764,7
15765,6
15767,5
15772,9
15774,8
15775,9
15789,6
15794,4
15867,0
15917,1
15919,7
16007,7
16052,4
16072,8
16085,0
16113,4
16121,9
16136,6
16140,2
16153,0
16161,8
16221,3
16227,8
16235,7
16241,0
16248,4
16270,3
16281,8
16288,3
16296,5
16299,1
16300,6
16305,0
16307,2
16314,3
16320,1
16337,1
16340,2
16345,6
16353,0
16367,7
16411,2
16441,5
16448,9
16520,2
16523,2
16535,1
16538,1
16553,9
16555,5
16558,6
16577,6
16608,9
16614,5
16617,0
16619,0
16620,2
16642,8
16643,8
16664,7
16690,5
16769,9
16784,8
16858,2
16859,6
16866,7
16869,5
16871,7
16938,4
16991,1
16995,4
16996,6
17047,9
17058,5
17127,1
17130,0
17134,5
17169,9
17182,3
17202,7
17264,9
17277,7
17281,6
17295,1
17332,0
17335,4
17339,5
17350,9
17360,1
17379,6
17431,3
17443,2
17466,1
17473,7
17474,6
17478,1
17483,4
17494,8
17496,2
17501,1
17578,0
17609,3
17610,7
17654,6
17680,6
17687,2
17689,6
17692,8
17707,6
17710,2
17771,9
17845,8
17887,7
17894,3
17898,5
17903,0
17917,8
17927,3
17941,0
17979,8
18009,4
18030,9
18032,4
18079,4
18126,9
18147,3
18162,9
18169,1
18176,5
18183,2
18203,2
18239,6
18240,8
18254,4
18282,0
18299,4
18320,4
18329,9
18360,9
18402,0
18405,5
18410,1
18415,6
18444,3
18462,5
18476,1
18480,5
18487,4
18501,9
18533,7
18550,1
18573,6
18585,5
18647,9
18736,1
18781,8
18785,3
18823,6
18892,7
18896,9
18900,8
18925,0
18937,8
18947,3
19025,7
19053,8
19064,6
19084,9
19100,1
19101,2
19124,4
19185,7
19200,7
19204,4
19255,4
19265,8
19277,5
19345,6
19366,7
19384,4
19404,5
19405,6
19457,4
19494,9
19556,9
19585,2
19666,0
19698,2
19703,2
19724,7
19794,4
19824,7
19833,4
19840,6
19898,7
19899,5
19901,4
19904,9
19908,0
19912,5
19913,1
19933,6
19959,1
19994,0
19995,3
19997,9
20048,9
20049,3
20083,8
20139,4
20156,8
20178,4
20187,4
20210,0
20246,5
20306,9
20352,1
20453,2
20455,7
20457,4
20481,5
20483,8
20494,7
20504,0
20521,3
20526,4
20533,1
20539,5
20620,1
20649,3
20656,1
20662,1
20694,2
20701,2
20714,7
20726,0
20737,6
20763,8
20766,8
20770,3
20794,4
20815,0
20829,9
20856,1
20857,3
20943,2
21032,6
21175,5
21183,1
21208,1
21210,3
21219,4
21301,6
21334,2
21407,6
21484,2
21575,9
21610,1
21614,3
21629,0
21724,8
21755,2
21778,0
21845,0
21861,4
21972,1
22004,4
22021,3
22102,7
22307,2
22314,6
22327,3
22373,5
22414,3
22527,4
22536,6
22538,7
22582,3
22586,7
22596,4
22787,9
22794,6
22798,0
22803,6
22804,0
22821,1
22824,5
22825,0
22832,4
22843,9
22881,9
22894,1
22897,8
22907,9
22947,6
22949,5
22954,3
22970,2
22971,8
22972,8
23023,1
23047,9
23048,7
23049,8
23082,1
23168,0
23169,1
23172,9
23202,8
23210,0
23367,5
23398,4
23437,8
23439,7
23479,2
23483,2
23514,6
23535,7
23629,5
23631,9
23685,6
23706,5
23742,8
23759,3
23827,5
23830,3
23963,8
24021,4
24049,3
24100,3
24150,3
24226,7
24238,5
24249,6
24253,5
24271,6
24402,6
24418,2
24420,5
24428,7
24438,3
24452,1
24469,6
24548,8
24679,1
24684,9
24739,0
24740,3
24748,9
24795,9
24803,5
24804,8
24831,8
24873,9
24924,1
24929,4
24961,9
25018,5
25132,3
25137,3
25155,5
25188,8
25189,7
25195,3
25196,7
25269,0
25284,4
25364,5
25376,1
25431,6
25462,2
25468,0
25508,8
25562,5
25602,7
25643,6
25673,5
25678,2
25704,8
25736,5
25793,4
25846,1
25853,6
25934,1
25941,6
26022,4
26039,1
26123,9
26171,0
26198,2
26263,3
26320,6
26338,0
26371,4
26388,3
26389,2
26390,2
26405,5
26428,7
26466,1
26505,3
26515,0
26594,9
26602,5
26688,6
26748,4
26789,6
26827,4
26842,2
26963,7
27022,6
27064,8
27205,3
27274,5
27324,3
27327,5
27346,8
27414,6
27418,5
27429,1
27431,7
27449,7
27475,4
27569,4
27573,2
27576,6
27578,5
27579,7
27581,6
27582,6
27585,6
27586,5
27932,9
27936,1
27958,1
27995,7
28032,2
28053,2
28089,9
28176,3
28178,5
28211,0
28260,6
28355,2
28501,2
28510,6
28580,6
28597,4
28665,8
28794,3
28942,6
28966,9
28971,2
29095,3
29427,4
29787,3
29826,0
29845,6
29882,7
29912,6
29917,3
29963,6
29993,7
29996,0
30018,7
30237,9
30497,6
30596,7
30618,9
30666,1
30890,0
30943,2
30973,1
31011,4
31121,1
31175,3
31203,1
31225,1
31357,3
31359,0
31522,7
31606,4
31608,7
31657,2
31701,8
31767,6
31867,1
31906,7
31923,7
31997,1
32037,8
32275,3
32646,3
32657,2
32740,8
32823,3
32856,7
32909,0
32985,8
33081,4
33157,5
33196,3
33217,7
33273,0
33408,8
33511,3
33542,1
33613,0
33644,0
33680,3
33689,5
33851,0
33908,0
33909,6
34016,3
34106,7
34421,5
34480,2
34544,7
34584,0
34636,8
34647,2
34653,0
34769,0
34803,8
34806,5
34813,1
34851,3
35019,1
35056,2
35169,4
35552,7
35588,4
35688,8
35690,4
35791,7
35796,7
35854,2
36047,4
36095,1
36243,3
36355,2
36362,1
36419,4
36557,9
36586,4
36593,3
36599,9
36643,8
36647,2
36648,3
36657,6
36658,6
36668,8
36669,5
36670,4
36683,5
36685,9
36691,4
36759,5
36819,6
36914,0
36955,3
37056,4
37094,6
37135,0
37136,6
37137,8
37165,2
37169,0
37233,0
37247,8
37257,2
37347,3
37412,7
37414,2
37430,6
37472,3
37495,4
37498,7
37653,3
37686,0
37710,3
37724,6
37725,4
37735,8
37786,6
37799,9
37821,8
37834,2
37861,1
37903,1
37921,0
37931,7
37933,2
37950,3
37958,0
37964,3
38031,2
38050,3
38055,3
38073,3
38117,8
38142,7
38167,7
38234,9
38303,9
38317,0
38319,7
38321,0
38322,0
38356,8
38357,7
38358,9
38363,8
38365,6
38408,0
38448,5
38541,5
38542,9
38543,8
38560,1
38575,1
38579,7
38684,8
38700,9
38745,1
38757,1
38778,2
38780,8
38810,1
38843,5
38985,4
39013,8
39053,3
39210,1
39254,9
39314,0
39385,0
39437,0
39451,3
39486,3
39513,5
39514,9
39538,9
39691,7
39781,6
39874,4
39939,1
40264,4
40794,5
40805,1
40807,1
40823,5
40962,1
41110,5
41154,1
41201,1
41210,6
41211,6
41216,6
41233,6
41280,6
41283,8
41402,8
41411,0
41436,5
41439,1
41446,9
41479,1
41505,7
41513,0
41515,5
41517,0
41592,4
41630,3
41733,0
41876,0
41902,5
42188,2
42194,2
42222,5
42297,6
42661,2
42684,6
42888,1
42949,9
43074,5
43258,9
43266,9
43347,8
43539,4
43552,2
43566,2
43593,9
43919,6
43923,3
43930,7
43931,5
43933,9
43947,5
43949,8
43959,1
44009,1
44040,5
44048,0
44113,1
44115,0
44129,1
44147,3
44214,6
44264,0
44564,9
44571,1
44603,5
44629,6
44716,4
44718,5
44754,8
44826,3
44833,7
44835,4
44865,5
44896,6
44912,3
44943,6
44944,1
44945,3
45094,7
45132,0
45243,6
45269,2
45317,8
45324,0
45535,3
45610,8
45612,1
45649,9
45657,6
45658,0
45772,4
46138,3
46146,5
46195,1
46261,6
46332,3
46420,8
46523,1
46528,8
46529,7
46705,2
46738,8
46829,5
46838,9
47327,5
47760,5
47933,0
47951,1
47964,0
47971,8
48034,7
48138,1
48171,2
48231,6
48289,6
48303,7
48340,5
48415,0
48492,7
48572,5
48838,5
48988,4
49009,7
49010,0
49012,0
49013,8
49014,2
49017,4
49018,3
49021,7
49022,7
49026,3
49040,1
49047,2
49049,1
49051,4
49444,8
49494,0
49517,4
49519,5
49520,9
49521,1
49524,0
49526,7
49527,7
49529,0
49530,9
49538,3
49730,3
49797,0
49849,8
49948,9
49950,6
50014,0
50022,9
50204,0
50321,6
50348,6
50357,4
50359,1
50456,7
50544,7
50546,4
50619,1
50620,1
50646,7
50647,2
50725,7
50780,5
50837,6
50839,1
51052,4
51162,7
51241,7
51497,4
51540,7
51588,5
51608,6
51739,6
51828,4
51876,4
51917,2
52015,2
52077,2
52449,0
52451,0
52505,5
52520,9
52744,6
53172,6
53182,1
53319,7
53457,3
53487,0
54054,2
54138,7
54318,5
54518,7
54648,2
55292,3
55301,0
55341,6
55347,1
55420,9
55465,0
55721,5
55725,9
55779,8
55787,1
55846,2
55931,7
56288,1
56292,8
56601,7
56666,3
56812,3
57089,2
57157,7
57158,8
57165,1
57201,4
57212,2
57214,9
57331,7
57431,4
57800,7
57825,5
57876,1
58051,0
58151,6
58224,3
58232,4
58233,2
58244,1
58428,6
58431,0
58522,7
58574,3
58595,8
58857,8
59108,3
59387,3
59429,5
59436,1
59440,3
59678,3
59859,5
59860,6
59861,5
59961,8
59962,1
59965,8
59967,9
59968,3
59981,7
60049,3
60243,8
60304,6
60307,2
60308,4
60309,8
60420,6
60599,3
60747,9
60935,0
61012,6
61202,4
61791,5
61891,4
62046,9
62177,9
62204,3
62206,7
62211,0
62213,8
62214,5
62215,5
62630,5
62764,4
62835,2
62837,1
62838,1
63207,7
63311,3
63492,9
63493,2
64328,8
64586,7
64635,7
64639,8
64682,3
64685,8
64686,6
64688,0
64689,8
64690,6
64720,4
64807,4
65055,7
65057,5
65086,1
65650,3
65754,6
65759,5
65946,5
66125,3
66195,3
67660,1
67748,3
67911,5
67913,9
68179,9
68718,7
68721,6
68722,6
68724,3
68726,5
68727,4
68728,4
68730,4
68734,1
68735,8
68737,4
68812,5
68817,8
68924,6
69668,1
69798,2
70074,1
70160,8
70435,5
70436,2
70578,0
70586,5
70868,6
70981,9
71469,7
71552,3
71676,4
71679,1
71688,0
71859,1
71864,2
71880,1
72105,0
72113,9
72190,1
72197,9
72207,6
72213,2
72331,0
72358,9
72387,5
72431,2
72478,8
72545,9
72559,9
72570,2
72571,4
72710,8
72784,3
72976,6
73499,8
73532,1
73567,6
73723,8
73873,9
73937,4
74387,1
74465,9
74513,8
74534,0
74536,7
74643,9
74725,1
74998,2
75174,5
75198,3
75612,4
75622,6
75629,3
75638,0
75656,3
75674,6
75761,4
75780,4
75900,5
76025,7
76163,0
76170,2
76203,1
76285,4
76338,0
76341,9
76489,4
76492,4
76493,0
76494,6
76544,8
76600,5
76617,7
76649,5
76696,7
76726,0
76757,5
76758,6
77016,9
77043,0
77117,3
77174,1
77234,4
77338,5
77459,9
77495,0
77805,8
77866,7
77875,3
77877,3
77883,3
77930,8
77931,7
77944,5
77948,8
77949,1
77950,7
77951,0
77953,5
77987,2
78381,4
78698,8
79120,4
79224,4
79553,3
80035,2
80271,4
80274,2
80278,7
80280,8
80321,9
80389,7
80585,2
81005,0
81025,8
81188,7
81390,3
81401,6
81446,4
81481,7
81796,2
81836,1
81857,1
81870,2
82390,3
82505,5
82507,1
82525,0
82532,8
82633,6
82650,8
82654,4
82675,6
82679,9
82682,0
82687,5
82690,0
82693,5
82695,9
82696,5
82700,2
82702,3
82703,9
82825,1
82990,6
82992,9
83389,0
83542,3
83666,5
83686,1
83770,2
83899,0
84174,3
84175,1
84188,9
84199,2
84200,0
84329,8
84332,8
84355,8
84892,6
85038,2
85350,7
85430,0
85435,1
85446,4
85621,4
85739,7
85889,5
85985,7
86467,4
86825,5
86829,7
86834,2
86837,9
86838,3
86868,9
87093,7
87101,3
87368,9
87421,8
87428,1
87492,0
87496,0
87499,2
87502,5
87516,0
87567,4
87818,8
87825,7
87826,3
87827,4
88005,8
88042,2
88273,2
88751,1
88794,0
89008,0
89492,6
89691,7
90369,4
91314,3
91586,4
92182,4
92591,0
93456,7
93828,0
93837,4
93856,0
94047,5
94329,6
94348,9
94533,9
95610,4
96714,1
96721,2
96724,8
96936,6
97020,9
97365,6
97367,9
97370,5
97430,0
97614,1
97630,1
98357,5
98548,5
98566,4
98567,5
99770,5
99861,9
100042,8
100241,6
100402,8
101173,5
101299,3
101669,6
102207,8
102362,6
102382,3
102651,2
102780,2
102899,1
103328,9
103332,8
103620,9
103663,5
103731,2
104755,4
105864,5
106646,2
106747,2
107811,0
107846,6
107985,7
109091,7
109099,6
109410,0
109414,0
109417,8
109418,8
109421,0
109424,6
109428,5
109431,4
109439,6
109443,5
109445,2
109451,5
109491,1
109513,4
110415,5
111190,3
111479,1
112205,6
112336,0
112949,5
113947,7
114150,7
115210,2
115348,7
115782,8
116149,4
116613,0
116711,7
116741,4
116745,3
117251,1
117263,8
117319,9
117691,4
118289,6
118340,8
118957,5
119283,4
119450,4
119675,5
119738,5
119892,6
120467,2
121642,8
121734,1
121826,3
121856,9
122081,2
122857,5
122906,3
122917,4
123103,7
123105,6
123109,0
123377,0
123553,2
124459,4
124905,8
126319,9
126400,0
126889,3
127373,6
127380,6
127493,2
127501,1
127517,9
127560,7
127585,8
129139,7
129670,5
130150,3
130739,2
131631,7
131634,1
132232,0
132316,7
132344,5
132363,9
133694,8
133805,4
134374,4
134411,0
135397,1
136400,4
136418,1
136795,8
136797,4
136799,0
136835,9
137093,4
137094,5
137106,0
137113,2
137116,2
137321,9
138103,0
138122,6
138832,7
138843,7
139038,6
139455,3
139567,0
140300,9
140607,5
140823,9
140870,4
141052,7
144336,9
144340,0
144789,8
145135,7
145197,5
145220,0
145247,1
146198,9
146216,6
146227,1
146233,8
146238,7
146239,1
146301,2
146381,6
147441,9
147773,8
147868,4
148265,0
149870,7
149871,2
150117,0
150202,5
150540,4
150689,6
151368,5
151960,3
152259,2
152532,6
152584,9
152599,1
152601,2
152603,1
152737,7
152742,4
152747,6
152748,7
152760,5
152780,7
153158,3
153518,2
154400,6
155084,2
156022,8
156700,9
156711,6
157336,7
157350,1
157353,2
157354,6
157360,2
157370,2
157386,8
157433,5
157544,7
157547,8
157820,3
157827,2
157834,5
157841,8
157845,0
157847,9
157849,5
157851,9
158011,1
158015,0
158852,9
159824,4
160588,9
161822,3
162903,7
164251,6
164457,2
166424,0
166426,6
166428,6
167032,9
167073,5
167810,4
168259,7
168530,7
168672,3
169209,3
169813,4
169881,5
169917,9
170522,7
170687,9
171274,5
171372,7
171424,8
172385,8
172391,2
173897,0
174675,1
174733,5
174751,7
175574,3
177494,3
177572,9
177677,3
177699,6
179144,9
179826,5
180147,0
180299,7
180863,6
181283,2
181533,1
181808,5
181812,1
182219,8
182560,1
184098,4
184314,4
184315,6
184341,7
184345,4
184346,5
185008,4
185341,2
186161,8
186992,8
187017,5
187022,3
187596,1
188161,3
188166,8
188207,1
188222,6
188927,5
190847,0
190859,2
190955,7
191714,9
192102,6
192134,9
192136,5
192141,9
192145,2
192558,7
192577,9
193610,5
193612,5
193756,9
193893,0
194662,3
195589,3
195590,9
196024,8
196867,7
197796,0
198184,3
198185,0
198277,7
198663,8
199373,2
199534,1
199575,1
200505,1
201085,5
201088,6
202575,2
203217,7
203739,9
203793,3
203801,2
203833,3
203834,7
203835,8
204082,4
204435,7
204436,7
204668,9
204922,9
205022,8
205220,3
205584,9
205587,1
205588,1
205596,9
205601,4
205775,3
206296,3
206324,8
206487,0
206647,5
207686,6
207703,1
207932,7
208036,8
208134,4
208763,1
209112,2
209185,2
209189,7
209262,8
209274,0
209403,9
209451,7
210479,1
210577,7
210860,4
210947,2
211067,3
211672,9
211954,8
212716,1
212778,8
213681,0
214756,4
215211,2
216015,0
216282,5
217993,3
218043,3
218778,6
218836,5
219572,1
220289,3
220882,3
221902,8
222899,3
222935,8
222936,4
223485,3
223702,8
224141,7
225565,9
225574,3
225728,3
225886,1
226486,8
226857,0
227156,4
227159,3
227306,8
227348,4
227700,6
227719,0
227735,2
227783,3
227932,1
227973,3
228066,5
228150,6
228161,2
228165,3
228194,1
228205,3
228326,3
228967,8
228970,4
229297,2
230179,1
231176,1
231576,5
232572,6
232672,4
232679,7
234004,5
234212,4
234838,4
235260,9
236735,7
236737,9
236751,5
238603,9
238615,1
238636,5
238713,7
238751,8
239563,0
239566,3
239571,2
239573,1
239678,7
240832,5
241239,9
241251,2
241254,1
241257,2
241258,3
241259,0
241554,9
241771,2
241848,9
242042,1
242095,2
242224,6
242310,4
242512,9
242582,7
243683,9
243684,7
243688,1
243938,6
243940,9
244088,2
244264,6
244267,9
244403,9
244506,0
244539,0
244566,7
244610,4
244772,8
244786,2
245168,7
245698,9
245703,2
245775,3
245842,4
245891,6
245916,8
246080,2
246087,8
246320,1
246403,2
246655,5
246741,0
246860,6
248574,0
249070,1
249164,6
249397,1
249660,5
250124,2
250219,9
250349,5
250538,2
250546,0
250734,3
252171,0
252178,2
252512,4
252607,0
252838,4
252841,4
253235,4
253279,0
253331,5
253412,4
253414,6
253450,6
254128,8
254191,8
254201,7
254320,7
254470,4
254473,5
254904,9
255343,7
256040,9
256274,2
256591,2
256917,2
256924,7
256961,3
256962,0
257088,9
257091,6
257211,4
257344,4
257440,2
257445,3
257785,7
258216,5
258230,1
258480,7
258489,8
258509,0
259316,7
259693,9
259694,4
259695,4
259720,6
260346,2
260513,7
260514,9
261023,2
261392,7
262391,0
262500,1
262504,8
262543,4
262551,5
262841,4
263109,5
263115,9
263341,0
263472,2
264644,1
264656,1
264660,4
264999,0
265177,6
265180,3
265195,8
265208,2
265712,7
266285,4
266294,8
266396,9
266639,4
266647,0
266856,0
267193,8
267860,4
267935,1
267999,8
268238,7
268531,7
268896,6
268920,4
269148,8
269149,4
269509,4
270010,9
270303,5
270487,9
270774,9
270938,8
270946,0
271110,2
271404,4
271674,7
271706,1
271714,0
271718,3
271969,8
272435,4
272693,8
272878,5
273169,7
273248,4
273477,8
273481,7
273895,5
274167,9
274479,6
274854,9
274855,2
274857,0
274862,2
274870,0
275601,0
276907,1
277216,3
277685,0
277834,9
278154,2
278924,4
278927,4
279641,4
280092,0
280217,2
280391,5
280690,0
280795,0
280996,4
281338,4
281957,8
282035,6
282631,7
282813,8
282984,4
283235,3
283366,1
283445,6
283552,3
283566,0
283587,1
283995,7
284052,4
284053,6
284054,8
284276,0
284293,0
284296,3
284536,3
284564,3
285213,1
285783,8
286217,3
286521,7
286554,8
286565,8
286567,8
287424,5
287590,5
287903,5
287947,0
287948,7
288158,0
289222,5
289720,5
290098,4
290250,7
290512,9
290595,0
290751,1
290764,1
290859,3
290864,7
290999,2
291270,6
291328,1
291351,0
291805,4
291870,7
291984,8
292011,6
292280,4
292431,9
293167,8
293646,1
293660,1
293670,6
293767,7
293768,6
293863,7
294016,7
294254,6
294272,3
294963,2
295693,4
295699,5
295964,0
296096,2
296098,4
296099,1
296100,9
296360,7
296524,5
297222,6
297725,6
297761,8
297762,7
297802,4
298250,7
298312,0
298382,1
298618,7
299054,3
299245,8
299534,2
299536,8
299537,7
299687,1
299824,7
300153,9
300168,4
300667,1
300668,6
300669,7
300671,0
300673,7
300681,4
300693,5
301337,9
301348,3
301351,5
301355,9
301365,9
301528,9
301875,1
302156,9
302349,3
302401,9
302429,5
302688,5
302699,2
302946,1
303542,1
303857,8
303858,4
303903,1
303991,4
304357,8
304372,9
304410,2
305470,0
306745,2
306819,1
306947,1
307081,4
308084,2
308266,7
308453,9
308504,4
308531,2
308639,4
309302,9
309304,7
309425,1
309809,4
309886,3
310131,1
310133,6
310307,3
310593,3
311324,5
312221,0
312669,8
313297,8
313369,2
313922,3
313943,1
314095,3
314365,4
314385,4
314405,6
315011,2
315064,9
315162,3
315635,0
315664,0
315837,5
316002,7
316023,1
316029,2
316152,3
316154,1
316727,4
317442,2
317557,4
318781,1
318846,4
318917,0
319888,1
320048,1
320288,2
320316,6
320588,8
321258,7
321612,7
321697,4
321741,8
322240,9
323020,2
323272,3
323661,4
323675,4
323676,0
323677,9
324542,4
324544,3
324552,5
324668,6
324786,9
324849,2
324852,1
324857,5
325133,7
325346,8
325348,9
325789,2
325844,5
326215,7
326285,5
326423,4
328111,5
328387,0
328425,5
328589,7
329440,1
329805,9
329819,5
329833,8
329865,4
329981,2
329996,4
330457,7
330459,2
330483,9
330764,1
330947,6
331313,0
331482,6
331836,2
332210,6
332562,5
332567,1
332718,6
332794,7
332872,4
332979,0
333339,9
333348,6
333352,6
333371,8
333385,7
333386,2
333484,3
333596,5
333667,1
333669,6
334304,8
334394,6
334521,6
334524,8
334533,2
334541,0
334543,5
335360,4
335462,8
335777,2
335778,0
335787,1
335788,0
335791,0
335796,4
335797,9
335977,0
335983,2
335984,7
335988,5
336000,1
336004,6
336011,5
336050,7
336804,3
336808,3
336843,6
336882,2
337154,7
337167,8
337170,6
337339,4
337401,1
337404,3
337674,8
338065,0
338189,0
338676,2
338762,6
338766,4
338952,1
338953,8
338964,5
338967,2
338970,4
339103,4
339259,3
339380,5
339397,5
339403,2
339408,5
339419,4
339846,7
339877,7
339964,5
339984,4
339988,2
340022,0
340101,3
340102,1
340402,6
340485,3
340487,9
340613,4
340666,5
340676,8
340837,1
340945,3
341006,3
341012,9
341013,3
341174,8
341895,6
342473,6
342521,3
342737,7
343611,5
343668,0
344268,3
345887,9
345911,2
345914,3
345920,8
345922,9
345923,0
345938,2
345940,1
346364,3
346646,6
346648,0
346672,1
346685,6
346698,5
346808,8
346910,0
347026,0
347031,2
347126,2
347375,8
347629,0
347882,7
348350,9
348537,7
348668,4
348892,8
350312,3
350650,5
351044,5
351211,2
351286,4
351694,0
351809,4
351819,5
352161,3
352173,4
353069,2
353070,5
353081,1
353486,6
353491,3
353569,8
353616,5
354279,1
354556,2
354859,5
354861,1
354912,4
356305,1
359412,3
359724,5
359790,0
359940,4
360365,9
360814,0
360920,1
361292,5
361743,1
362045,3
363088,5
363579,1
363676,8
364116,0
364433,3
364689,1
365177,7
365222,7
365620,6
365942,6
366672,8
368031,9
368940,0
369192,4
369557,5
369776,7
369883,0
369885,1
369972,3
370172,0
370567,3
370665,0
370755,0
370964,8
371560,8
371608,6
371638,0
371645,2
372343,7
372411,0
372519,3
373200,5
373314,8
373569,0
373571,0
374173,3
374416,6
374465,4
374720,0
375262,5
375588,7
375794,5
375867,7
376166,4
376290,6
376659,4
376660,0
376812,6
376865,6
376866,0
376867,8
377264,5
377273,7
378236,8
379149,1
379686,8
380124,2
381237,4
381283,0
381284,7
381288,7
381289,1
381719,4
381890,8
381902,3
382322,3
382597,8
382614,0
383367,1
383498,1
383709,8
383785,0
384018,8
384680,9
384682,0
384737,4
385103,1
385128,2
385687,2
387592,0
388399,7
389015,3
390043,5
390051,2
390497,5
391713,2
391714,9
392044,4
392142,9
392982,2
393345,6
393457,3
393519,7
393559,2
394117,3
394684,1
394741,4
395458,0
395834,8
395990,1
395991,0
395992,2
395993,6
396371,9
396422,2
396461,5
396535,1
396806,0
397243,1
397415,3
397422,3
397538,1
397567,8
397722,0
397837,5
398173,0
398181,6
398818,2
398924,3
398929,4
398978,6
399019,2
399031,7
399035,1
399055,9
399057,8
399121,3
399170,7
399173,1
399174,7
399360,4
399366,6
399402,7
399404,1
399566,2
399579,7
399796,2
400155,3
400157,0
400160,5
400535,4
400617,4
400650,0
400710,4
400928,2
401469,2
401513,6
401545,4
401898,8
401981,9
402298,4
402431,5
402529,9
402897,7
402900,2
403119,3
403300,3
404368,1
404378,7
404733,7
405775,0
405924,1
406429,5
406563,7
406759,1
406761,1
406990,3
406997,1
407439,6
407448,3
407451,4
407887,4
407890,2
408266,0
408648,9
409502,7
411088,7
411638,9
411728,1
412117,8
412656,8
412988,4
413052,8
413362,2
413518,5
413644,4
414001,9
414453,6
414906,1
415842,1
416144,0
416160,3
416186,0
416234,8
416477,9
417261,2
417384,7
417466,0
417644,3
417670,3
417678,7
417830,2
417859,9
417870,8
418078,0
418437,9
418879,0
419430,3
419478,5
419680,8
419704,2
419743,7
420622,5
420634,1
420648,3
420809,9
420814,4
420817,2
420818,9
420821,5
421467,1
422715,9
423108,1
423204,9
423899,4
424139,2
424277,3
424619,9
424694,1
424781,8
424783,6
424998,5
425001,6
425148,5
425336,6
425505,5
425909,8
426063,2
426338,6
426426,4
426543,4
426563,8
426613,3
427641,1
427900,6
428045,2
428078,6
428449,9
428495,4
428836,3
429189,3
429197,3
429200,1
429202,8
429203,5
429300,7
429351,7
429422,0
429450,6
429471,7
429476,1
429617,1
429733,1
430040,3
430155,0
430231,7
430424,5
431530,6
431580,9
431693,2
432068,1
432301,8
432527,1
433694,7
433808,5
434119,2
434355,0
434555,5
435577,7
435615,3
436270,0
436391,8
436969,5
437068,5
437103,3
437109,0
437342,2
437543,0
437557,0
437586,8
438148,5
438631,7
438650,3
438674,2
438689,9
438695,2
438740,4
438799,6
438808,1
439015,1
439079,2
440021,5
440161,8
440298,3
440471,4
440472,2
440597,9
440642,3
440762,1
441130,3
441384,8
441889,5
441909,4
442062,0
442064,2
442065,3
442249,1
443009,9
443791,3
444149,0
444539,5
445571,6
445629,6
445651,7
445954,6
446021,7
446101,5
446159,6
446354,5
446696,2
446791,9
446807,3
446893,9
446894,2
447200,5
447273,8
447277,1
447332,7
447365,9
447404,6
447665,8
448119,5
449176,4
449443,0
449562,1
449563,7
449924,7
450322,6
450465,1
451048,5
451184,1
451915,6
451945,5
451955,0
452507,1
452773,1
452832,8
453201,0
453395,6
453405,1
453755,7
454283,8
454286,3
454292,3
454293,5
454294,5
454458,6
454527,0
454619,0
454626,0
454640,8
454992,8
455207,9
455476,2
455558,1
455714,0
455957,7
455980,7
456048,3
456740,3
456929,1
457136,2
457335,4
457435,1
458156,0
458253,4
458305,8
458423,3
458576,5
458594,1
458723,1
458737,5
458897,7
459003,7
459151,3
459202,0
459616,4
459713,1
459910,0
460019,0
460458,3
460465,1
460555,4
460668,5
460885,5
461130,4
462677,0
462883,9
463257,0
463272,7
463319,6
463821,8
464052,9
464502,7
464504,5
465086,6
465136,5
465914,0
466081,0
466272,9
466420,7
466622,8
467012,8
467244,4
467660,0
467909,4
467938,6
468224,2
468284,2
470044,3
470229,5
470878,5
471474,2
471707,0
472221,5
472451,6
472454,2
473033,4
473149,6
473234,8
474335,9
474350,3
474392,0
474395,6
475303,5
475557,3
476669,1
476764,9
476968,8
477428,2
477489,7
479226,9
479455,1
479718,3
480001,5
480042,2
480105,7
480414,6
480530,1
481084,0
481848,7
482373,3
484247,6
484468,4
484641,5
486131,1
486589,6
486898,1
487297,4
487558,8
487680,3
489064,9
489925,7
489929,8
489931,3
489999,3
490132,5
491283,6
491418,3
491584,1
491625,7
491629,7
492188,7
492452,8
492565,9
492611,8
493529,5
493551,5
493922,3
495193,8
495278,8
495764,2
496243,9
496328,4
496450,2
497698,1
497814,4
497828,8
498248,2
498402,6
499701,8
500475,6
500664,4
500852,9
500916,4
501170,3
501841,9
501907,0
501979,2
502356,5
502416,0
502422,4
502682,4
503314,0
503616,9
503736,3
503919,6
504172,6
504562,4
504608,3
504827,1
505026,9
505058,7
505262,2
505436,1
505600,1
505642,6
505954,7
506072,1
507076,5
507086,9
507089,3
507241,4
507505,8
508439,1
508442,8
508664,5
508763,5
508791,8
508883,4
508935,0
508943,1
508947,7
510298,3
511322,1
511809,7
511987,1
512195,6
512196,5
512200,8
512263,2
512895,7
513045,9
513310,1
513434,8
513691,8
514207,7
514277,8
514439,7
514619,0
514847,9
514921,9
515001,0
515195,0
516329,6
516632,9
516700,3
516729,2
517093,6
517116,9
517302,9
517331,9
517412,9
517814,5
518068,7
519010,3
519182,5
520023,9
520736,3
520763,2
520900,6
521029,6
521777,2
522016,5
522162,9
522212,4
522478,3
522518,5
522627,4
522681,4
522924,7
522931,9
522938,7
523172,5
523366,6
523607,1
523781,7
524047,5
524247,9
524348,7
524369,4
524434,8
525660,6
525661,0
525686,6
526019,3
526050,6
526896,8
527641,9
527729,7
527774,3
527776,7
529106,6
529203,8
529485,3
530254,1
530385,4
530915,3
531309,5
531428,4
531499,5
531876,4
532408,7
532671,0
532710,3
532938,0
533444,8
533535,7
533642,5
533991,9
534259,2
534780,1
535292,3
535389,9
535544,2
535581,6
536437,7
536554,1
536743,1
536869,5
537915,7
538207,9
539181,6
539537,2
539565,7
539651,1
539681,6
539892,0
539972,7
540901,1
541487,5
541660,1
542178,0
542224,4
545611,4
546121,9
546554,9
548473,4
549053,0
549509,5
550231,9
550988,4
551271,8
551804,4
552178,2
552269,1
552524,9
553141,5
554230,4
554241,0
554596,2
555285,7
555974,3
556678,7
556694,1
556984,1
557950,5
558449,0
558915,4
559907,0
560016,5
560144,3
565028,7
565179,0
565310,6
565770,7
566525,1
567604,3
567609,9
567646,5
567690,4
568124,5
568620,6
569094,7
570670,7
571384,0
571468,6
572164,4
572802,9
573164,5
573435,8
573699,3
574060,6
574376,7
574475,2
575264,3
575265,8
575322,6
575718,1
576845,8
577242,6
577328,6
577922,1
578189,9
578701,2
579047,0
579583,2
579974,5
580175,4
580489,8
581032,5
581387,4
581389,6
581392,5
581526,5
581528,1
581734,4
582014,7
582186,0
582206,6
582873,6
583406,1
585083,6
585216,5
585244,8
585245,5
585268,8
586353,0
586810,2
586863,4
587272,3
587412,6
587496,0
587792,1
587807,4
588228,6
588648,3
588921,4
589049,1
589754,0
589761,1
590223,7
590706,2
590995,4
591120,5
592279,3
592336,6
592695,2
592831,9
592834,6
592863,6
593395,7
593402,2
593643,4
594718,8
594767,7
595975,3
596161,2
597208,0
597890,7
599975,7
600354,2
601337,6
601635,2
601796,3
602211,3
602223,7
602269,0
602545,4
602734,3
603692,0
604563,6
604685,4
605804,5
606952,0
609681,1
610219,5
610253,8
613090,7
613349,0
613377,5
613504,5
614479,9
614560,1
614696,3
614917,3
614930,8
614934,0
614939,3
615115,3
615453,6
615457,0
615643,1
615656,6
615777,8
615904,5
615952,2
616037,6
616651,8
616747,0
616820,8
617653,5
618588,1
619264,0
619592,5
619730,8
619778,6
619803,1
620683,0
620725,7
621191,1
621587,0
622792,0
623135,1
623511,9
624091,6
624860,0
625568,8
626735,0
626872,0
627290,1
627336,5
628241,0
629017,7
629078,8
629542,4
630004,6
630220,4
630240,6
631842,2
631843,3
632322,3
632357,3
632617,8
634429,5
634492,8
634528,5
634649,3
635302,8
635731,1
635910,9
637202,9
637649,7
637693,8
638965,3
639720,6
639933,2
640146,5
640344,0
643215,2
643586,8
644083,8
644495,7
646380,1
646385,8
646389,1
646683,4
647245,6
648579,1
649609,2
651881,2
652004,9
653346,9
653851,6
655082,3
656663,3
658224,6
659940,9
659956,0
659959,2
660000,7
660120,0
660360,2
660942,9
661374,2
661539,7
661791,6
663260,5
663712,3
663870,6
664300,8
664332,0
664341,4
664469,5
666277,7
667216,6
667538,8
667717,7
668482,3
668742,2
670292,7
670428,0
673309,0
673593,5
674324,1
675353,3
675445,9
676701,3
676710,5
677179,6
678391,4
678512,7
681887,1
682507,5
693113,0
693134,6
695721,8
696157,4
696506,0
698508,1
698687,3
700391,0
702525,7
709631,9
710295,1
712454,1
713364,5
713704,9
714869,3
714888,0
716612,8
717728,8
717930,2
718032,6
718789,2
718821,8
718840,1
718930,1
719221,9
719256,5
720557,6
721625,8
723072,3
724495,8
724665,8
725201,2
726139,7
727340,5
728118,7
728949,2
730047,6
732698,2
734002,4
734253,9
735697,6
738652,4
739405,0
743563,2
744275,5
744276,8
744594,8
745611,0
746036,3
747188,6
748783,0
749004,1
749274,3
751237,5
752623,3
753091,7
753336,8
753342,5
754067,2
756999,3
757725,4
758323,1
758336,5
758866,6
760099,3
760104,2
760161,2
760926,1
761851,8
762430,7
762441,7
762504,5
762509,0
763215,5
763285,8
763329,4
766475,4
768362,4
770906,4
771077,8
774370,2
774531,7
776503,6
777245,6
777270,9
779816,9
780382,2
780609,4
781732,9
784651,1
785084,6
785663,8
786892,6
787699,4
788929,1
790462,9
791177,9
792293,5
792307,8
796185,3
796499,5
798286,8
799155,9
799177,6
799379,4
799583,9
799766,6
799876,7
800158,9
800497,1
800939,9
801112,5
801688,0
802219,7
803114,5
804095,7
804150,1
807172,6
807356,2
809140,6
811631,8
811941,2
811944,6
811945,2
814757,3
814776,1
814889,3
816904,1
817758,0
818110,6
818397,1
819876,8
820446,7
820525,8
822119,8
823219,5
823452,4
823464,1
823482,9
823625,6
823951,1
824016,7
826510,6
826749,9
829051,1
830784,3
830788,8
833339,5
834562,3
837881,8
838240,0
839033,5
839369,9
840326,1
840430,7
840705,3
842675,0
843394,9
844417,0
845111,6
845781,2
846867,9
848058,0
848538,1
848685,3
850028,4
850165,6
852247,9
852438,1
854239,8
856289,4
857598,9
858017,6
858082,0
858485,7
859235,9
861451,7
862965,5
864168,1
864692,2
866398,2
868660,2
869291,2
869626,5
870028,7
870360,0
872585,8
872906,9
877269,6
878361,6
882059,5
882569,2
882598,5
884605,2
889737,8
892515,6
893723,0
894803,9
895956,4
896536,0
897087,2
899112,2
901362,4
906126,8
906221,4
912649,8
912908,7
913290,6
913673,1
914206,6
915935,8
916405,9
917496,2
918287,7
919573,9
921452,1
921785,4
923667,2
924482,0
925263,3
925786,0
926393,5
927107,6
927342,8
928123,9
929590,9
930564,4
932086,4
933260,1
934433,1
936622,6
937278,7
937287,3
938614,5
939243,1
940139,2
940551,9
940721,3
942922,0
943134,8
944401,3
945729,7
945961,6
947891,7
948549,7
949229,0
949423,8
949484,7
949716,3
950387,7
951491,4
951546,4
955496,1
956842,8
956964,2
957304,9
957452,3
958006,8
959092,6
959604,7
960258,5
964960,3
964980,6
965489,3
966220,5
967847,2
968051,5
969492,3
970347,6
970948,9
972230,6
972533,2
973778,0
974036,4
974453,6
974576,4
974635,7
974950,7
975056,4
975511,0
975773,9
976573,7
976584,7
976893,1
977262,2
977506,1
978870,1
980026,0
980078,4
980477,1
980489,1
980599,5
983044,7
984101,7
985939,3
986054,4
986056,0
986280,8
988402,8
989596,0
993784,9
994108,8
994143,1
998846,5
999243,5
999582,9
1000837,5
1000866,1
1002155,9
1008042,7
1008392,7
1008409,3
1010600,3
1011477,8
1011985,9
1012201,5
1013601,8
1013850,8
1014214,0
1016084,6
1016121,0
1016346,2
1016683,0
1016848,5
1020006,2
1020414,9
1022789,3
1022796,4
1023922,7
1025491,0
1026227,5
1026436,4
1028196,2
1029235,4
1029281,6
1029827,7
1029955,9
1032194,5
1032823,2
1034541,1
1035048,9
1037113,9
1040148,3
1041613,0
1049082,2
1051891,6
1056360,7
1058694,8
1059128,4
1062215,7
1062807,3
1064028,5
1064213,3
1064486,6
1068452,6
1071215,2
1072342,3
1072790,8
1079091,6
1079244,0
1079485,4
1082195,2
1083241,5
1084153,3
1084199,6
1084736,6
1084863,6
1086747,1
1087822,3
1087891,7
1088096,4
1093237,3
1093966,2
1094009,1
1094274,0
1097549,6
1099413,3
1100099,2
1100782,1
1103621,4
1106739,6
1109255,0
1111873,5
1112426,9
1114513,0
1115009,4
1115623,8
1120911,8
1124620,7
1124876,1
1125311,6
1126166,4
1128650,1
1136418,4
1137350,8
1138194,5
1140535,9
1147546,7
1148713,5
1149791,7
1152014,5
1153714,1
1154215,6
1155281,0
1155828,4
1160018,5
1160164,8
1160956,8
1163258,7
1167271,1
1175161,4
1181107,2
1182047,6
1184918,5
1186350,5
1186532,4
1192195,9
1194915,6
1195430,4
1195506,0
1196943,9
1197306,9
1198208,2
1202479,1
1205229,3
1206617,7
1208735,7
1208850,4
1209574,0
1212855,9
1214509,1
1217690,9
1225377,5
1226406,8
1226578,1
1229349,2
1232546,2
1233208,9
1233413,0
1233531,8
1233575,2
1234397,3
1235499,1
1236419,1
1241436,1
1241592,2
1241674,9
1241982,5
1242526,3
1244944,8
1249213,8
1251621,1
1255788,4
1257960,1
1259024,5
1265827,0
1272149,0
1273049,4
1278101,3
1278263,8
1280672,7
1284120,5
1290954,4
1302916,1
1306845,3
1317088,7
1379877,9
1380415,1
1380682,4
